Status,Theme,Title,Story,Gen_Title,Summary,Tags,Video_Path,Thumb_Path,Project_URL,Notes,Created_Time,Completed_Time
Processing,Helping Others,"Sage and the Snowy Sidewalk
Sage the small seal saw Grandpa Gull slipping on an icy sidewalk near the fish shop. She was ready to run off and play, but she stopped to help instead. By the shop door, Sage found a bag of sand, rolled it over, and spread it across the slippery ice. Then Pippa the puffin came with a short rope, and together they made a safe hand line along the wall. Grandpa Gull held the rope and crossed without falling, and soon other neighbors used the safer path too. Sage felt warm and happy inside, even in the chilly air. #HelpingHands #WinterKindness #SafeSteps #CommunityCare #BrightLittleStories
Moral: A small act of help can make life safer and better for everyone.",Sage and the Snowy Sidewalk,"Sage the small seal saw Grandpa Gull slipping on an icy sidewalk near the fish shop. She was ready to run off and play, but she stopped to help instead. By the shop door, Sage found a bag of sand, rolled it over, and spread it across the slippery ice. Then Pippa the puffin came with a short rope, and together they made a safe hand line along the wall. Grandpa Gull held the rope and crossed without falling, and soon other neighbors used the safer path too. Sage felt warm and happy inside, even in the chilly air. #HelpingHands #WinterKindness #SafeSteps #CommunityCare #BrightLittleStories",Sage's Kind Act,Sage's Kind Act,output\row2_Sage_and_the_Snowy_Sidewalk\row2_Sage_and_the_Snowy_Sidewalk.mp4,output\row2_Sage_and_the_Snowy_Sidewalk\row2_Sage_and_the_Snowy_Sidewalk_thumb.jpg,https://magiclight.ai/project/edit/7445845390870659074/,OK,2026-04-03 19:50:31,01/04/2026 4:08
No_Video,Adventure,"Juniper and the Map of Footprints
Juniper the young giraffe found a line of strange footprints near the dusty trail. She followed them and discovered they were made by a rolling pumpkin that had escaped a cart. The pumpkin bumped toward a steep hill, and Juniper worried it would smash at the bottom. A quick lizard named Pax showed her a shortcut through tall grass to get ahead of it. Juniper used her long neck to nudge the pumpkin into a safer path lined with soft leaves. The pumpkin rolled back to the farm gate, and Juniper felt like a true trail explorer. #AdventureDiscovery #FootprintMap #TrailExplorer #PumpkinRescue #BrightLittleStories
Moral: An adventure feels better when your choices protect what you find along the way.",Juniper and the Map of Footprints,"Juniper and the Map of Footprints
Juniper the young giraffe found a line of strange footprints near the dusty trail. She followed them and discovered they were made by a rolling pumpkin that had escaped a cart. The pumpkin bumped toward a steep hill, and Juniper worried it would smash at the bottom. A quick lizard named Pax showed her a shortcut through tall grass to get ahead of it. Juniper used her long neck to nudge the pumpkin into a safer path lined with soft leaves. The pumpkin rolled back to the farm gate, and Juniper felt like a true trail explorer. #AdventureDiscovery #FootprintMap #TrailExplorer #PumpkinRescue #BrightLittleStories
Moral: An adventure feels better when your choices protect what you find along the way.",,,,output\row3_Juniper_and_the_Map_of_Footprints_Junipe\row3_Juniper_and_the_Map_of_Footprints_Junipe_thumb.jpg,https://magiclight.ai/project/edit/7445859430527381506/,Video download failed,2026-04-03 20:46:15,2026-04-03 20:52:07
Done,Friendship,"Rina and the Sticker Trade
Rina the red robin had one shiny sticker and wanted to save it forever. At the picnic table, she met Hugo the hippo who had a plain notebook with no decorations. Rina wanted to help, but she felt nervous to talk first. She took a small breath and offered her sticker, and Hugo smiled like the sun came out. Hugo showed Rina how he draws tiny boats, and he drew one just for her notebook cover. They sat together and made a new page for their sticker and drawing collection. #FriendshipDiscovery #StickerAdventure #NewFriendFind #SharingJoy #BrightLittleStories
Moral: Friendship grows when you start with a small brave hello.",Rina and the Sticker Trade,Rina and the Sticker Trade,Rina and the Sticker Trade,Rina and the Sticker Trade,output\row4_Rina_and_the_Sticker_Trade_Rina_the_red\row4_Rina_and_the_Sticker_Trade_Rina_the_red.mp4,output\row4_Rina_and_the_Sticker_Trade_Rina_the_red\row4_Rina_and_the_Sticker_Trade_Rina_the_red_thumb.jpg,https://magiclight.ai/project/edit/7445981266359590913/,OK,2026-04-04 04:50:27,2026-04-04 04:56:52
Error,Magic,"Timo and the Traveling Teacup
Timo the tiny tiger found a teacup that shimmered behind the kitchen curtain. When he tapped it, the cup floated and zipped to whatever he pointed at. Timo pointed at a cookie jar, and the teacup zoomed off and bumped the jar, making cookies tumble out. A careful yak named Lani showed Timo how to point at empty spots first, like the table center. Timo guided the teacup to gently carry cookies back into the jar, one cookie at a time. The teacup gave a soft ding, and Timo used it only for helpful jobs after that. #MagicDiscovery #TeacupMystery #KitchenAdventure #GentleSpells #BrightLittleStories
Moral: Magic is safest when your hands and your mind both move slowly.",Timo and the Traveling Teacup,"Timo the tiny tiger found a teacup that shimmered behind the kitchen curtain. When he tapped it, the cup floated and zipped to whatever he pointed at. Timo pointed at a cookie jar, and the teacup zoomed off and bumped the jar, making cookies tumble out. A careful yak named Lani showed Timo how to point at empty spots first, like the table center. Timo guided the teacup to gently carry cookies back into the jar, one cookie at a time. The teacup gave a soft ding, and Timo used it only for helpful jobs after that. #MagicDiscovery #TeacupMystery #KitchenAdventure #GentleSpells #BrightLittleStories",Timo and the Magic Teacup,Timo and the Magic Teacup,output\row5_Timo_and_the_Traveling_Teacup\row5_Timo_and_the_Traveling_Teacup.mp4,output\row5_Timo_and_the_Traveling_Teacup\row5_Timo_and_the_Traveling_Teacup_thumb.jpg,https://magiclight.ai/project/edit/7444878921956741122/,"Locator.click: Timeout 30000ms exceeded.
Call log:
  - waiting for get_by_role(""textbox"", name=""Please enter an original"")
    - locator resolved to <textarea value="""" maxlength=""3000"" class=""arco-textarea"" placeholder=""Please enter an original story with a main character.""></textarea>
  - attemptin",2026-04-04 04:56:57,2026-04-04 04:57:53
Pending,Courage,"Mika and the Shaky Stage Step
Mika the meerkat had to walk on stage to say one line in the school play. Before the show, her legs felt shaky like jelly. She saw the microphone stand was too high, and she worried everyone would laugh. Mika asked a tall camel named Dune for help, and Dune lowered the stand with a careful twist. Mika took one slow breath, looked at a friendly face in the crowd, and said her line clear and bright. After the play, she smiled because she did not hide, and she also asked for help when she needed it. #CourageDiscovery #StageAdventure #BraveVoice #SchoolPlay #BrightLittleStories
Moral: Courage can be asking for support and then trying anyway.",Mika and the Shaky Stage Step,"Mika the meerkat had to walk on stage to say one line in the school play. Before the show, her legs felt shaky like jelly. She saw the microphone stand was too high, and she worried everyone would laugh. Mika asked a tall camel named Dune for help, and Dune lowered the stand with a careful twist. Mika took one slow breath, looked at a friendly face in the crowd, and said her line clear and bright. After the play, she smiled because she did not hide, and she also asked for help when she needed it. #CourageDiscovery #StageAdventure #BraveVoice #SchoolPlay #BrightLittleStories",,,,,,,,
Pending,Kindness,"Cleo and the Paper Boat Mail
Cleo the chameleon saw a note fall from a backpack and slide into a rainy gutter. The note belonged to Bram the bumblebee, and it was an invite to his first birthday picnic. The water was moving fast, so Cleo folded a leaf into a little paper boat shape. She placed the note inside and guided the boat with a twig until it reached a dry drain grate. Bram buzzed with relief, and Cleo walked with him to deliver the note before the ink could blur. Bram later saved Cleo a big slice of honey cake at the picnic. #KindnessQuest #RainyDayDiscovery #NoteRescue #FriendshipKindness #BrightLittleStories
Moral: Kindness is protecting someone message when it matters to them.",Cleo and the Paper Boat Mail,"Cleo the chameleon saw a note fall from a backpack and slide into a rainy gutter. The note belonged to Bram the bumblebee, and it was an invite to his first birthday picnic. The water was moving fast, so Cleo folded a leaf into a little paper boat shape. She placed the note inside and guided the boat with a twig until it reached a dry drain grate. Bram buzzed with relief, and Cleo walked with him to deliver the note before the ink could blur. Bram later saved Cleo a big slice of honey cake at the picnic. #KindnessQuest #RainyDayDiscovery #NoteRescue #FriendshipKindness #BrightLittleStories",,,,,,,,
Pending,Animals,"Saffy and the Night Chirp Choir
Saffy the sloth could not sleep because loud chirps filled the jungle every night. She thought a big animal was making the noise, so she went to look with her glowing lantern bug friend, Lumo. Soon they found tiny tree frogs singing together on a hollow log stage. The frogs were worried because heavy rain had moved their pond, and they were calling to find one another. Saffy used long vines to make a soft path from the log to the new pond, and the frogs happily hopped along. When everyone was safe, the jungle felt calm, cozy, and ready for sleep again. #AnimalDiscovery #JungleAdventure #FrogFriends #NightNature #BrightLittleStories
Moral: When we learn why something is happening, we can choose to help instead of feeling upset.",Saffy and the Night Chirp Choir,"Saffy the sloth could not sleep because loud chirps filled the jungle every night. She thought a big animal was making the noise, so she went to look with her glowing lantern bug friend, Lumo. Soon they found tiny tree frogs singing together on a hollow log stage. The frogs were worried because heavy rain had moved their pond, and they were calling to find one another. Saffy used long vines to make a soft path from the log to the new pond, and the frogs happily hopped along. When everyone was safe, the jungle felt calm, cozy, and ready for sleep again. #AnimalDiscovery #JungleAdventure #FrogFriends #NightNature #BrightLittleStories",,,,,,,,
Pending,Humor,"Gigi the Goat and the Hat That Honked
Gigi the goat found a funny party hat on the farm road and put it on right away. Every time she nodded her head, the hat let out a loud honk like a silly goose. Gigi tried to stay serious, but the honks kept bursting out during quiet time. Pollen the sheep laughed so hard that she rolled right into a hay pile. Gigi felt a little shy, but then she used the honking hat to warn everyone when the tractor was backing up. The farm friends cheered, and Gigi proudly wore the hat in the safety parade. #SillyHat #FarmLaughs #SoundDiscovery #SafetyAdventure #BrightLittleStories
Moral: A funny mistake can become helpful when you find a good way to use it.",Gigi the Goat and the Hat That Honked,"Gigi the goat found a funny party hat on the farm road and put it on right away. Every time she nodded her head, the hat let out a loud honk like a silly goose. Gigi tried to stay serious, but the honks kept bursting out during quiet time. Pollen the sheep laughed so hard that she rolled right into a hay pile. Gigi felt a little shy, but then she used the honking hat to warn everyone when the tractor was backing up. The farm friends cheered, and Gigi proudly wore the hat in the safety parade. #SillyHat #FarmLaughs #SoundDiscovery #SafetyAdventure #BrightLittleStories",,,,,,,,
Pending,Nature,"Maple and the Mossy Water Bowl
Maple the mountain goat walked past a rock bowl that usually held rainwater, but today it was dry. A sleepy bee circled above it, looking for a drink. Maple wanted to help, but the stream was far down the cliff. Her nimble squirrel friend, Riff, showed her soft moss that could hold water like a sponge. Together they carried the wet moss up and gently squeezed water into the rock bowl until it filled. The bee took a safe sip, and soon other tiny insects came to drink too. #NatureDiscovery #MossMagic #MountainHabitat #WaterHelpers #BrightLittleStories
Moral: Using simple gifts from nature in a smart way can help the living things around us.",Maple and the Mossy Water Bowl,"Maple the mountain goat walked past a rock bowl that usually held rainwater, but today it was dry. A sleepy bee circled above it, looking for a drink. Maple wanted to help, but the stream was far down the cliff. Her nimble squirrel friend, Riff, showed her soft moss that could hold water like a sponge. Together they carried the wet moss up and gently squeezed water into the rock bowl until it filled. The bee took a safe sip, and soon other tiny insects came to drink too. #NatureDiscovery #MossMagic #MountainHabitat #WaterHelpers #BrightLittleStories",,,,,,,,
Pending,Emotions,"Rolo and the Green Glow Feeling
Rolo the little rhino saw his friend Sia the sparrow get a shiny star badge at school. A green glow of jealousy bubbled inside him, and he did not like that feeling at all. He almost hid Sia's badge, but instead he stopped and sat quietly by the window. Sia saw his sad face and gently asked what was wrong. Rolo said, ""I want to feel proud too,"" and Sia helped him choose one small goal. He practiced tying his shoes until he got it right, and the next day he earned a helper badge and smiled with pride. #EmotionsDiscovery #FeelingsAdventure #SchoolDayStory #ProudMoment #BrightLittleStories
Moral: When a hard feeling comes, you can turn it into a goal instead of making a poor choice.",Rolo and the Green Glow Feeling,"Rolo the little rhino saw his friend Sia the sparrow get a shiny star badge at school. A green glow of jealousy bubbled inside him, and he did not like that feeling at all. He almost hid Sia's badge, but instead he stopped and sat quietly by the window. Sia saw his sad face and gently asked what was wrong. Rolo said, ""I want to feel proud too,"" and Sia helped him choose one small goal. He practiced tying his shoes until he got it right, and the next day he earned a helper badge and smiled with pride. #EmotionsDiscovery #FeelingsAdventure #SchoolDayStory #ProudMoment #BrightLittleStories",,,,,,,,
Pending,Teamwork,"The Lantern Trail Builders
Niko the newt and Fara the ferret wanted to visit the hill lookout after sunset. The path was safe, but it was too dark to see the roots and rocks. Niko carried a jar lantern, but its little light kept getting blocked. So Fara asked Luma the ladybug and Bex the bison to help with more lights and strong hands. They placed glowing jars on low stumps, and Bex moved the loose rocks out of the way. Soon the whole group walked the bright trail together and reached the lookout just in time to watch the moon rise. #TeamworkDiscovery #LanternTrail #HillLookoutAdventure #NightPathFix #BrightLittleStories
Moral: Teamwork means sharing the job so the path becomes easier for everyone.",The Lantern Trail Builders,"Niko the newt and Fara the ferret wanted to visit the hill lookout after sunset. The path was safe, but it was too dark to see the roots and rocks. Niko carried a jar lantern, but its little light kept getting blocked. So Fara asked Luma the ladybug and Bex the bison to help with more lights and strong hands. They placed glowing jars on low stumps, and Bex moved the loose rocks out of the way. Soon the whole group walked the bright trail together and reached the lookout just in time to watch the moon rise. #TeamworkDiscovery #LanternTrail #HillLookoutAdventure #NightPathFix #BrightLittleStories",,,,,,,,
Pending,Curiosity,"Odie and the Humming Pebble
Odie the octopus found a smooth pebble that made a tiny hum when he held it near his ear. He swam around the reef asking what it could be, but no one knew the answer. Odie almost tossed it away, but then he noticed the hum grew louder near a crack in a rock. His friend Pippa the clownfish told him to set the pebble down and watch from a safe distance. The crack opened a little, and a shy hermit crab crawled out and grabbed the pebble like a little doorbell for its home. Odie laughed softly and felt proud that he solved the mystery by noticing small clues. #CuriosityDiscovery #ReefMystery #OceanExplore #ListenClose #BrightLittleStories
Moral: Curiosity helps us learn when we slow down and notice small clues.",Odie and the Humming Pebble,"Odie the octopus found a smooth pebble that made a tiny hum when he held it near his ear. He swam around the reef asking what it could be, but no one knew the answer. Odie almost tossed it away, but then he noticed the hum grew louder near a crack in a rock. His friend Pippa the clownfish told him to set the pebble down and watch from a safe distance. The crack opened a little, and a shy hermit crab crawled out and grabbed the pebble like a little doorbell for its home. Odie laughed softly and felt proud that he solved the mystery by noticing small clues. #CuriosityDiscovery #ReefMystery #OceanExplore #ListenClose #BrightLittleStories",,,,,,,,
Pending,Problem Solving,"Rafi and the Tangled Kite String
Rafi the raccoon was flying his kite when the string got tangled around a low tree branch. He pulled hard, but the knot only got tighter. Rafi stopped and looked closely, and he saw the string was wrapped in three twisty loops. Sena the calm owl showed him how to loosen one loop at a time instead of yanking. Rafi used a small stick to lift each loop free, and soon the kite danced back in the wind. Then he wound the string onto a simple spool so it would not tangle again. #ProblemSolvingDiscovery #KiteRescue #SmartSteps #OutdoorFix #BrightLittleStories
Moral: When you slow down and fix one small part at a time, a big problem can become easier to solve.",Rafi and the Tangled Kite String,"Rafi the raccoon was flying his kite when the string got tangled around a low tree branch. He pulled hard, but the knot only got tighter. Rafi stopped and looked closely, and he saw the string was wrapped in three twisty loops. Sena the calm owl showed him how to loosen one loop at a time instead of yanking. Rafi used a small stick to lift each loop free, and soon the kite danced back in the wind. Then he wound the string onto a simple spool so it would not tangle again. #ProblemSolvingDiscovery #KiteRescue #SmartSteps #OutdoorFix #BrightLittleStories",,,,,,,,
Pending,Creativity,"Zella and the Leaf Music Wall
Zella the zebra wanted to make music, but she had no drum or flute. She found a row of big leaves and noticed that each one made a different popping sound. Zella lined the leaves on a fence like a music wall and tapped them with a twig. Piri the mouse brought acorn caps, and Nubo the llama brought smooth sticks for soft sounds. Soon they played a silly song that made everyone smile and even made the clouds seem to dance. The children joined in, and the leaf wall became the favorite band in the playground. #CreativityDiscovery #NatureMusic #LeafInstruments #PlaygroundArt #BrightLittleStories
Moral: Creativity means finding fun new ways to use everyday things.",Zella and the Leaf Music Wall,"Zella the zebra wanted to make music, but she had no drum or flute. She found a row of big leaves and noticed that each one made a different popping sound. Zella lined the leaves on a fence like a music wall and tapped them with a twig. Piri the mouse brought acorn caps, and Nubo the llama brought smooth sticks for soft sounds. Soon they played a silly song that made everyone smile and even made the clouds seem to dance. The children joined in, and the leaf wall became the favorite band in the playground. #CreativityDiscovery #NatureMusic #LeafInstruments #PlaygroundArt #BrightLittleStories",,,,,,,,
